,GUBID,ISOALPHA,COUNTRYNM,NAME1,NAME2,NAME3,NAME4,NAME5,NAME6,CENTROID_X,CENTROID_Y,INSIDE_X,INSIDE_Y,CONTEXT,CONTEXT_NM,WATER_CODE,TOTAL_A_KM,WATER_A_KM,LAND_A_KM,UN_2000_E,UN_2005_E,UN_2010_E,UN_2015_E,UN_2020_E,UN_2000_DS,UN_2005_DS,UN_2010_DS,UN_2015_DS,UN_2020_DS,B_2010_E,F_2010_E,M_2010_E,A00_04B,A05_09B,A10_14B,A15_19B,A20_24B,A25_29B,A30_34B,A35_39B,A40_44B,A45_49B,A50_54B,A55_59B,A60_64B,A65PLUSB,A65_69B,A70PLUSB,A70_74B,A75PLUSB,A75_79B,A80PLUSB,A80_84B,A85PLUSB,A00_04F,A05_09F,A10_14F,A15_19F,A20_24F,A25_29F,A30_34F,A35_39F,A40_44F,A45_49F,A50_54F,A55_59F,A60_64F,A65PLUSF,A65_69F,A70PLUSF,A70_74F,A75PLUSF,A75_79F,A80PLUSF,A80_84F,A85PLUSF,A00_04M,A05_09M,A10_14M,A15_19M,A20_24M,A25_29M,A30_34M,A35_39M,A40_44M,A45_49M,A50_54M,A55_59M,A60_64M,A65PLUSM,A65_69M,A70PLUSM,A70_74M,A75PLUSM,A75_79M,A80PLUSM,A80_84M,A85PLUSM
0,{BBA90769-3FFD-4784-B76A-0624AB84FA4F},GNB,Guinea-Bissau,Tombali,Komo,,,,,-15.303219635240355,11.183809922603416,-15.303219635240355,11.183809922603416,0,Not applicable,L,206.1231959081958,0.0,206.1231959081958,8935,9333,9766,10295,10753,43.34786272176527,45.27874681390434,47.379432270929996,49.94585861450178,52.16783076073217,8861.118262626429,4774.322463707461,4086.795798918968,1418.82713530583,1347.4514516069605,1091.6704751930856,948.780022028236,796.7277552898512,744.6885079701109,493.8961285325479,460.0279995797513,317.4255342115793,321.5919348739705,227.7430442725656,183.43690950794084,162.87239000062556,345.97897425337266,118.0953058826074,227.88366837076526,77.49859567538705,150.3850726953782,57.81091233573041,92.57416035964779,0.0,0.0,737.7253659268841,682.5531636909445,551.2149249123748,506.2860911062697,464.60268096110207,434.78535107623765,277.7879814783799,259.93815134322296,184.2792122476146,182.14940297012427,127.28145920239751,92.69741331553092,88.33637527114601,184.68489020523174,62.170147004836394,122.51474320039536,41.48057116635904,81.03417203403635,31.237202736524647,49.7969692975117,0.0,0.0,681.101769378946,664.8982879160156,540.4555502807108,442.4939309219663,332.1250743287493,309.90315689387336,216.108147054168,200.08984823652835,133.1463219639647,139.44253190384623,100.46158507016807,90.73949619240987,74.53601472947955,161.29408404814086,55.925158877771004,105.36892517036985,36.018024509028,69.35090066134185,26.573709599205756,42.777191062136104,0.0,0.0
1,{4B54E296-514C-455C-A239-E1A05C414214},GNB,Guinea-Bissau,Bafata,Galomaro/Cosse,,,,,-14.62700324318333,12.006424650563519,-14.62700324318333,12.006424650563519,0,Not applicable,L,861.2595264024875,0.0,861.2595264024875,15172,15640,16152,16803,17320,17.616060589046832,18.15945080494941,18.75392898986847,19.509798713271415,20.110082349215077,14654.71532327843,7911.371327126469,6743.343996151961,2615.4969102496257,2319.9525919221514,1842.3998217656574,1716.6820590707487,1293.7243253032414,1185.9596544501185,754.2070338931171,716.2490112991345,478.25658670591207,462.1095426698719,320.3868410652665,263.010095243185,208.63430929590984,477.6465403444892,162.41523795244782,315.23130239204136,112.54222908566535,202.68907330637603,85.03065259311325,117.6584207132628,0.0,0.0,1348.3015860265784,1207.6305201222403,962.9087364484437,919.9429000146187,735.2356743489229,689.5175779300133,438.83256428853264,413.4506110927498,275.3024501747396,252.90211196279893,174.61560572038476,129.81492929650318,106.49717108953413,256.4188886104073,81.95618622252734,174.46270238788003,60.0145580081007,114.44814437977932,46.3297097489287,68.1184346308506,0.0,0.0,1267.1953242230475,1112.322071799911,879.4910853172138,796.7391590561296,558.4886509543185,496.4420765201052,315.3744696045846,302.7984002063846,202.95413653117245,209.20743070707297,145.77123534488183,133.1951659466818,102.13713820637571,221.22765173408183,80.45905172992047,140.7686000041614,52.52767107756466,88.24092892659672,38.700942844184546,49.53998608241218,0.0,0.0
2,{96319D13-630C-494E-AA6D-292043380213},GNB,Guinea-Bissau,Gabu,Gabu,,,,,-14.282786901647055,12.058604228878126,-14.282786901647055,12.058604228878126,0,Not applicable,L,2823.8061316469343,8.649717267454145,2815.156414379479,66138,78353,92994,111180,131708,23.493543613482746,27.832556514367138,33.033333254592144,39.49336506920397,46.78532223902425,84374.18655897577,43325.438185575294,41048.748373400485,14876.590405398269,14056.0209310047,10816.636563536917,9532.794550706529,7518.598031401419,6601.419252907668,4444.135602195535,4009.3343804740257,2921.0307699780324,2541.321316230009,1796.339846027753,1444.2171873780042,1157.2537278440345,2658.493993892877,858.773224018281,1799.7207698745965,667.6794797421991,1132.0412901323975,454.87940996756095,677.1618801648367,0.0,0.0,7288.100748527209,6962.702562798852,5402.019188984731,4917.401010491177,4142.994259047086,3722.2278000172105,2478.756494051488,2171.367767659039,1582.78589209001,1307.3230254294006,915.2079789793801,613.1402292089049,562.3862983531611,1259.0249299376444,389.24990519203504,869.7750247456095,309.435255862438,560.3397688831714,209.15531183294414,351.1844570502272,0.0,0.0,7588.489656871059,7093.318368205847,5414.617374552186,4615.393540215352,3375.603772354331,2879.1914528904585,1965.3791081440474,1837.9666128149868,1338.244877888022,1233.9982908006089,881.1318670483731,831.0769581690993,594.8674294908735,1399.4690639552327,469.5233188262457,929.9457451289873,358.24422387976114,571.7015212492262,245.72409813461672,325.9774231146094,0.0,0.0
3,{D20F48EE-6AD5-44A1-BF0D-E3B0385EEFE3},GNB,Guinea-Bissau,Cacheu/Calequisse,Sao Domingos,,,,,-16.31571731920603,12.327470191093,-16.31571731920603,12.327470191093,0,Not applicable,L,1036.8779372010313,57.85799402707264,979.0199061276628,29697,30986,32391,34108,35587,30.333397527595878,31.650020399033103,33.08512911460276,34.83892389370106,36.34961840638969,29388.77751542757,14666.126435608001,14722.651079819569,4720.958252834475,4159.375186096107,3527.5929628118865,3161.582989745948,2651.776759844495,2319.5992805240758,1629.7665898828243,1495.4119096980746,1142.7061380595605,1058.7039069283833,830.2682118893862,660.7708732326447,595.1090662963254,1435.1553875833831,440.72818822595434,994.4271993574288,337.67370427156385,656.7534950858649,255.3815664105796,401.37192867528535,0.0,0.0,2226.7813636090477,1915.3200819711194,1562.1587747974404,1438.7266992116204,1343.499004533617,1217.185836274418,858.1107072974874,803.218310046791,631.5658412959949,591.9887261511558,483.41702330171233,373.9355017133069,351.1900332392615,869.0285321650291,254.14270108333432,614.8858310816947,202.88957878848527,411.99625229320964,156.64045955792616,255.3557927352834,0.0,0.0,2494.176889225429,2244.055104124989,1965.4341880144461,1722.8562905343274,1308.277755310878,1102.4134442496584,771.6558825853372,692.1935996512833,511.14029676356574,466.71518077722766,346.8511885876738,286.8353715193378,243.919033057064,566.1268554183541,186.58548714262008,379.54136827573404,134.7841254830787,244.7572427926553,98.7411068526534,146.0161359400019,0.0,0.0
4,{0842C11B-438D-406F-B9A3-580AB0029977},GNB,Guinea-Bissau,Tombali,Cacine,,,,,-14.972914127103927,11.09549465798385,-14.972914127103927,11.09549465798385,0,Not applicable,L,505.93898765736367,1.6042917123862108,504.3346959449775,15569,16471,17456,18636,19714,30.870372641779472,32.658867479141215,34.6119355665041,36.95165165085761,39.0891210906314,15838.17433823445,8047.630634157857,7790.5437040765955,2541.8800438779817,2417.993161778918,1959.3868421030622,1696.913016867964,1416.2581331558279,1323.6368225436438,880.2021964056879,819.5791687224561,564.4353846578133,572.8476511975922,406.05358867390055,329.22553998251925,290.9863041439561,618.7764841231296,211.40298038905152,407.37350373407816,138.58008024451323,268.7934234895648,103.3103568230356,165.48306666652925,0.0,0.0,1243.5149279418856,1150.5162860941555,929.1316515485491,853.3993016615193,783.1374601184735,732.8771647081196,468.24132356788886,438.1535276759763,310.6223019068471,307.0322808061075,214.54649911562637,156.25139457504582,148.90039898781714,311.30611544984515,104.79442546444538,206.5116899853997,69.91993477154675,136.59175521385293,52.65364281084694,83.93811240300599,0.0,0.0,1298.3651159360966,1267.4768756847625,1030.2551905545129,843.5137152064447,633.1206730373543,590.7596578355242,411.9608728377992,381.4256410464797,253.81308275096612,265.81537039148475,191.50708955827415,172.97414540747346,142.0859051561389,307.4703686732845,106.6085549246061,200.8618137486784,68.6601454729665,132.20166827571188,50.65671401218865,81.54495426352321,0.0,0.0
5,{A7E9E8A1-2331-44A6-B1DF-DABC4AB74130},GNB,Guinea-Bissau,Cacheu/Calequisse,Bula,,,,,-15.788348348650725,12.129054090164267,-15.788348348650725,12.129054090164267,0,Not applicable,L,658.8503557999462,14.304410037093575,644.5459458710508,26307,29608,33383,37916,42671,40.814778478589695,45.93621322059086,51.79304937662066,58.82590720318572,66.20319354011863,30288.91891583811,15850.00875837426,14438.910157463848,4852.64020183542,4270.735737009114,3615.815243742683,3244.5166191425456,2735.013324299538,2396.607066064349,1684.1635272487524,1546.909240204707,1183.836632699476,1097.495827782009,862.6060512088371,685.4277700435922,618.7569994758361,1494.3946750812418,457.64720048302735,1036.7474745982145,351.45378750220107,685.2936870960134,266.1229536649786,419.1707334310349,0.0,0.0,2406.532104516444,2069.92897597189,1688.2597031480018,1554.8639160811724,1451.9492302360022,1315.4397822916915,927.3793108245528,868.05587726412,682.5472397215519,639.7753718782566,522.4395198636994,404.120406519411,379.53887327613785,939.1784467813237,274.6576647715056,664.5207820098183,219.26727652999676,445.25350547982146,169.28482560200794,275.9686798778135,0.0,0.0,2446.108097318976,2200.806761037224,1927.5555405946814,1689.6527030613736,1283.064094063536,1081.167283772657,756.7842164241998,678.853362940587,501.2893929779242,457.7204559037523,340.1665313451378,281.3073635241812,239.21812619969825,555.2162282999179,182.98953571152168,372.22669258839636,132.18651097220436,240.04018161619203,96.8381280629706,143.2020535532214,0.0,0.0
6,{8A611581-26D7-4CBA-8A27-992E24066BC7},GNB,Guinea-Bissau,Oio,Bissora,,,,,-15.531417952312493,12.2616895110363,-15.531417952312493,12.2616895110363,0,Not applicable,L,804.1064361648674,5.069921296438434,799.0362814281119,55375,59123,63240,68140,72748,69.30223481345385,73.99288539730621,79.14534229531054,85.27772966480805,91.04467680738856,57378.22653358463,29632.657311848434,27745.56922173619,9833.246898660369,8777.120688080062,6985.597667897846,6525.3423762889515,5218.467423282951,4756.109858467357,3082.8385064223144,2797.589349919524,1916.258867272956,1913.6136523026817,1288.6077933863485,1161.562434081628,993.0600567412926,2128.810960780336,740.7852572560213,1388.0257035243148,469.01366949100515,919.0120340333096,370.8408924816311,548.1711415516785,0.0,0.0,4888.830709522926,4219.799353957082,3291.899232297047,3252.949684072026,2807.8119900717816,2733.3574114919784,1741.0713019497666,1610.4445857937421,1072.569872210113,1069.655280166064,716.9896428361083,581.5935942443672,525.4214566681459,1120.2631965672822,388.1706676847371,732.0925288825451,240.85128800370376,491.2412408788414,199.5170735608239,291.7241673180174,0.0,0.0,4944.416189137445,4557.321334122981,3693.698435600799,3272.3926922169267,2410.655433211169,2022.7524469753794,1341.767204472548,1187.144764125782,843.688995062843,843.9583721366178,571.6181505502402,579.9688398372607,467.6386000731467,1008.5477642130536,352.614589571284,655.9331746417696,228.16238148730142,427.77079315446815,171.32381892080718,256.446974233661,0.0,0.0
7,{AF9D8234-3558-4AC8-A61B-7E2AE86E25D4},GNB,Guinea-Bissau,Bissau,Sector Autonomo de Bissau,,,,,-15.610651846773171,11.875643162843831,-15.610651846773171,11.875643162843831,0,Not applicable,L,83.51159203530658,0.8055683470285425,82.70602368827802,296266,351003,416617,498121,590127,3582.157463120669,4243.983501406656,5037.32353970062,6022.789849956225,7135.236028565583,378000.2181430317,190387.98487553708,187612.23326749468,47089.02537541273,44012.053052348965,45164.89111170137,51190.109676313186,50062.30692397432,41764.65353693166,27614.102214158742,20851.967344727644,14970.31951689733,12369.122089258024,8206.956614855542,5443.920127603473,3645.597620685068,5615.192938163711,2424.061279590394,3191.131658573317,1436.2992289960885,1754.8324295772284,866.048071924147,888.7843576530813,0.0,0.0,23646.07252671833,22972.546036929427,24212.706522750294,26679.536208772213,24776.22714517768,20455.902373234363,13200.704083381926,10046.85662195129,6901.311490132845,5815.781893339019,3858.5076872652508,2577.873344584961,1904.3468547960558,3339.6120865033836,1328.3727379503825,2011.239348553001,826.0817964128943,1185.1575521401069,553.1427104121514,632.0148417279554,0.0,0.0,23442.9528486944,21039.50701541953,20952.184588951077,24510.573467540977,25286.079778796626,21308.7511636973,14413.398130776812,10805.110722776357,8069.008026764486,6553.340195919008,4348.4489275902915,2866.046783018512,1741.2507658890124,2275.5808516603274,1095.6885416400114,1179.892310020316,610.2174325831943,569.6748774371217,312.9053615119957,256.76951592512603,0.0,0.0
8,{D7DC183C-6FD6-44EB-99A7-FFA2B8EB1BB1},GNB,Guinea-Bissau,Biombo,Safim,,,,,-15.673262115205144,11.936624553148294,-15.673262115205144,11.936624553148294,0,Not applicable,L,170.6093315749099,7.907191721527058,162.70190611325614,15698,17510,19568,22028,24570,96.48319663245181,107.62012823507648,120.26902737315687,135.3887027277136,151.01236726075555,17754.097923334266,9199.27417749165,8554.823745842617,2866.0538327375807,2530.200584271927,2308.239451725256,2067.96961588774,1669.150240072559,1466.8828261179106,974.4518087374396,929.5916681385563,636.0089671134318,609.9727300919543,424.06576223320997,315.63086649563974,301.52285227196074,654.3567174391006,216.5045691014236,437.85214833767714,171.03218866445906,266.819959673218,110.79366133464279,156.0262983385752,0.0,0.0,1415.804910593455,1227.4047323917118,1093.9546061654773,1065.1712456068776,887.2377439718982,804.8126660086357,520.3433493190994,512.4933418940268,324.6538785083605,336.8026995233539,248.0228536445564,181.2977905314391,181.4846954701313,399.7896638626271,137.00132006138642,262.78834380124056,105.04057554501937,157.74776825622126,66.53815817442508,91.20961008179616,0.0,0.0,1450.2489221441253,1302.7958518802145,1214.2848455597791,1002.7983702808624,781.9124961006607,662.0701601092746,454.1084594183402,417.09832624452974,311.3550886050715,273.17003056860045,176.04290858865363,134.33307596420065,120.03815680182946,254.56705357647357,79.50324904003713,175.06380453643644,65.99161311943969,109.07219141699673,44.255503160217714,64.81668825677903,0.0,0.0
9,{84A95A2B-89AB-4315-A835-0E5C538EDB44},GNB,Guinea-Bissau,Tombali,Bedanda,,,,,-15.038941874515114,11.262963244072461,-15.038941874515114,11.262963244072461,0,Not applicable,L,1024.535945432395,9.083022934463175,1015.4529224979317,23486,25246,27187,29492,31700,23.12859560463557,24.861812340740425,26.773274661637878,29.043197716593383,31.217596894615838,24666.865446315507,12715.726998897175,11951.138447418334,3956.592454546148,3762.264839655014,3048.552574171848,2642.418957088065,2208.6462103954723,2064.2477908330998,1371.8201512442286,1277.4368868814227,880.1651486098077,892.9048992404249,632.7788142737363,512.2385466840612,453.2392212554345,963.558951436742,329.1249248950596,634.4340265416823,215.80616542799208,418.62786111369036,160.9061236062534,257.7217375074369,0.0,0.0,1964.8263024955506,1817.8830101450446,1468.0823417738957,1348.420800392877,1237.4029820913001,1157.988776298931,739.8486723309476,692.3081953940193,490.80140110453885,485.12895783365525,338.9960145218471,246.88634045654842,235.2713375685489,491.8818664894689,165.58132024055158,326.3005462489174,110.47758560911194,215.82296063980544,83.19583463962462,132.62712600018082,0.0,0.0,1991.766152050597,1944.3818295099695,1580.4702323979525,1293.998156695188,971.2432283041722,906.2590145341693,631.9714789132807,585.1286914874034,389.36374750526886,407.7759414067698,293.7827997518893,265.35220622751285,217.9678836868856,471.6770849472729,163.543604654508,308.13348029276494,105.32857981888012,202.80490047388489,77.71028896662878,125.09461150725608,0.0,0.0
10,{C66B61F0-D4DF-4103-A493-EC54D4403963},GNB,Guinea-Bissau,Oio,Nhacra,,,,,-15.532223472279973,12.054004901088767,-15.532223472279973,12.054004901088767,0,Not applicable,L,668.8640756691868,14.589885317962372,654.2741903512241,21385,22119,22920,23925,24745,32.68507349880363,33.80692731915069,35.03118468985641,36.56723794523624,37.82053512873023,20795.888832627938,11269.015974810352,9526.872857817585,3556.917753785191,3169.5764913722996,2520.166597169622,2360.6925750831906,1895.5200754813889,1734.0131865006226,1122.829397986482,1020.0612874933028,697.5817998831012,696.5659032322525,468.938284409925,420.3158020321129,360.3837402534842,772.3259379449632,268.69329521965767,503.63264272530546,169.93654318178665,333.69609954351887,134.70113226890754,198.99496727461133,0.0,0.0,1859.1755300233897,1604.7493085010299,1251.8777727500185,1237.0656323287171,1067.78402751384,1039.4696638513517,662.1127531181884,612.4366631338228,407.8880573158463,406.7796658557489,272.6642991839625,221.17447771943745,199.81275139756008,426.02537211744027,147.61758991297302,278.40778220446725,91.59343974804949,186.81434245641773,75.87443358666806,110.93990886974971,0.0,0.0,1697.7422237618014,1564.8271828712695,1268.2888244196033,1123.6269427544735,827.736047967549,694.5435226492708,460.71664486829377,407.6246243594802,289.69374256725484,289.78623737650355,196.27398522596252,199.14132431267547,160.5709888559241,346.300565827523,121.07570530668472,225.22486052083823,78.34310343373716,146.8817570871011,58.826698682239474,88.0550584048616,0.0,0.0
11,{5016A19B-7C79-44E6-8B4D-C0D8FDC5F029},GNB,Guinea-Bissau,Gabu,Pirada,,,,,-14.119442879370618,12.571824886660359,-14.119442879370618,12.571824886660359,0,Not applicable,L,995.4681038889928,0.0,995.4681038889928,28836,31002,33393,36231,38950,28.96727668857141,31.14313746355565,33.545022557270954,36.395942630865264,39.12732095366405,30297.33498615037,15545.192254682981,14752.142731467395,5342.134221793247,5047.42598178063,3884.1585417608367,3423.051349969147,2699.636798256285,2370.2643637139167,1595.6992908985364,1439.6184005381338,1048.8443563372875,912.5438715719383,645.0392566803538,518.6683872791058,415.56861659470087,954.681548976253,308.40087924417264,646.2806697320804,239.7717377700249,406.5089319620554,163.35363376778128,243.15529819427414,0.0,0.0,2614.9747596799757,2498.221702623614,1938.2476063268734,1764.3663238680908,1486.5087339930762,1335.5374853717674,889.3792623060727,779.0880096654089,567.9044926250963,469.0682569031698,328.37715167047213,219.9950685162644,201.7845287992972,451.73887233379793,139.66309089383674,312.0757814399612,111.02554859699323,201.05023284296792,75.04504673685652,126.00518610611135,0.0,0.0,2727.1594621132713,2549.2042791570143,1945.9109354339628,1658.6850261010557,1213.1280642632084,1034.7268783421484,706.3200285924637,660.5303908727248,480.93986371219114,443.47561466876846,316.66210500988166,298.6733187628414,213.7840877954036,502.94267664245524,168.73778835033596,334.20488829211916,128.7461891730317,205.45869911908756,88.30858703092474,117.1501120881628,0.0,0.0
12,{0AEC02C4-B998-4E33-9747-9A8B3E5EE019},GNB,Guinea-Bissau,Bafata,Bambadinca,,,,,-14.903800737253626,12.022541348495848,-14.903800737253626,12.022541348495848,0,Not applicable,L,805.296137686095,15.84262456126165,789.4530455602874,30448,32925,35669,38925,42090,38.568474934934954,41.70609029271982,45.18191449205842,49.30628897932024,53.31539378650197,32362.559437536915,16669.249453329543,15693.309984207366,5789.924260301214,5133.104878409438,4075.6252158653365,3792.513517328184,2848.871981839955,2608.147383336261,1658.5684736534806,1575.8213287472574,1052.3827978708384,1019.7381649025513,707.158000786729,583.4956304195978,462.0859806037986,1055.1218234722655,359.92827103121704,695.1935524410486,248.69455114198055,446.49900129906797,187.68262134717,258.81637995189806,0.0,0.0,2840.8697489314063,2544.4759896870314,2028.847498740704,1938.3185353193246,1549.1406427462766,1452.812670991855,924.6196619906027,871.1399184747701,580.0619168690175,532.8644323806469,367.9148620185604,273.51989304181944,224.38940577576824,540.2742763617564,172.68158147280948,367.5926948889468,126.45059837327929,241.14209651566762,97.61664027287549,143.52545624279216,0.0,0.0,2949.0545113698076,2588.6288887224077,2046.7777171246314,1854.1949820088603,1299.7313390936788,1155.334712344406,733.9488116628772,704.6814102724871,472.3208810018209,486.8737325219043,339.2431387681685,309.9757373777784,237.69657482803032,514.8475471105094,187.24668955840755,327.6008575521017,122.2439527687013,205.35690478340038,90.06598107429448,115.29092370910587,0.0,0.0
13,{FAE72CDD-F656-4676-BF56-8D559DDC6594},GNB,Guinea-Bissau,Oio,Mansoa,,,,,-15.217075440015767,12.06164049466711,-15.217075440015767,12.06164049466711,0,Not applicable,L,1198.1467159157694,38.77956798348552,1159.366366100653,38718,43700,49414,56284,63523,33.39582821452887,37.69300307285789,42.62155729616018,48.54720789365523,54.791135793985156,44833.35936059962,23515.3405048826,21318.018855717022,7678.57920864424,6850.241284263746,5450.33967979362,5095.724936247925,4080.3738931090734,3723.248379223405,2412.580262761143,2190.117369969852,1499.3899638798605,1497.2840284672684,1008.172332493329,907.1433854837584,776.2595625166903,1663.9050737457073,578.9651002920352,1084.939973453672,366.43653327438795,718.5034401792841,289.96396876651227,428.53947141277183,0.0,0.0,3879.588576728531,3348.67094861951,2612.324994703553,2581.416126849286,2228.1719228005113,2169.087624385211,1381.647419526485,1277.9870667907435,851.1503202318083,848.8374117529172,568.9754858071327,461.5303737422971,416.9543194218568,888.9979135227484,308.037356506818,580.9605570159304,191.13034611924743,389.8302108966829,158.32909860043267,231.5011122962502,0.0,0.0,3798.990631915708,3501.570335644236,2838.014685090068,2514.3088093986394,1852.201970308563,1554.160754838194,1030.9328432346576,912.1303031791078,648.2396436480523,648.446616714351,439.1968466861963,445.6130117414612,359.30524309483354,774.907160222959,270.92774378521716,503.9794164377417,175.30618715514058,328.6732292826012,131.63487016607957,197.0383591165216,0.0,0.0
14,{327FC6D1-78FD-4E9F-94EE-4481B28BD8B2},GNB,Guinea-Bissau,Tombali,Quebo,,,,,-14.722123953524745,11.531820550367986,-14.722123953524745,11.531820550367986,0,Not applicable,L,1042.8668263954269,3.330389533869781,1039.536203783993,13676,15396,17363,19725,22203,13.1558669628035,14.810450991468462,16.70264098238938,18.97480811942813,21.358563481655906,15753.374429074913,7881.811262946601,7871.5631661283105,2529.7603686000057,2407.4684707280207,1950.9566860679706,1688.1012477459076,1406.7060628825964,1314.679810167813,874.8384808165815,814.5178466562209,560.6746761925965,569.2857346127782,403.6245327613065,327.80490238779123,289.3959029276228,615.5597065277036,210.35241701991131,405.2072895077922,137.8534440591283,267.3538454486639,102.75225754748695,164.60158790117694,0.0,0.0,1217.8926208533956,1126.8101922385688,909.9871314734952,835.8152272889951,767.0011130230141,717.7764181466188,458.5933308382527,429.1254862863971,304.22200881091834,300.70595917689,210.12582336692483,153.0318745477046,145.83234434469443,304.8917325507332,102.63516312663342,202.25656942409972,68.47925239607352,133.77731702802623,51.56872796574729,82.20858906227896,0.0,0.0,1311.86774774661,1280.6582784894513,1040.9695545944755,852.2860204569125,639.7049498595826,596.9033920211941,416.24514997832887,385.39236036982385,256.4526673816782,268.57977543588834,193.49870939438168,174.77302784008668,143.56355858292838,310.66797397697036,107.71725389327793,202.95072008369252,69.37419166305482,133.57652842063766,51.18352958173968,82.392998838898,0.0,0.0
15,{17C67FAD-8617-4C43-BFFE-4D8CF2EEAF41},GNB,Guinea-Bissau,Bolama/Bijagos,Caravela,,,,,-16.13238103919573,11.47342636522704,-15.982621573999948,11.469391127000053,0,Not applicable,L,554.4090317526902,0.0,554.4090317526902,4263,4497,4753,5060,5338,7.689268673208827,8.111339719310367,8.57309265863513,9.126835441340996,9.62827027388898,4312.435768448512,2154.700489513331,2157.7352789351808,650.4021579618301,580.3735938276392,566.20742129272,500.46657325861725,391.874312716513,321.6844007089963,245.56606509984687,238.17897621323812,177.9454483050264,166.52448765660313,114.9531914279993,86.67258713501316,88.80641451263094,182.7801383318382,64.30435736777784,118.47578096406038,49.85604033316514,68.61974063089524,31.32211075988565,37.297629871009576,0.0,0.0,314.05696489145373,270.61803704726015,264.2642834222885,234.5702103586457,206.4321585909143,175.44140111401197,133.03982080042593,127.98275158871381,90.63824048683986,86.61851880573539,60.81449898187111,47.19931264264625,48.23666017325385,94.78763060927031,35.65882136463658,59.12880924463374,24.63700385193073,34.491805392703014,15.560212959114144,18.93159243358887,0.0,0.0,336.34519307037635,309.7555567803792,301.94313787043154,265.8963628999715,185.44215412559868,146.24299959498433,112.52624429942092,110.19622462452429,87.30720781818653,79.90596885086774,54.13869244612822,39.473274492366905,40.569754339377106,87.99250772256791,28.645536003141267,59.34697171942664,25.21903648123441,34.12793523819222,15.761897800771509,18.36603743742071,0.0,0.0
16,{87BC901F-16F7-42C7-815D-C860079EE0BC},GNB,Guinea-Bissau,Quinara,Tite,,,,,-15.395449152803485,11.735251850278184,-15.395449152803485,11.735251850278184,0,Not applicable,L,699.6420105696214,26.309733183501873,673.332215623158,15702,16066,16469,17006,17400,23.319840690331525,23.8604356471065,24.45895149210737,25.256477568448467,25.841627054627978,14942.681210488421,7776.9909274073425,7165.690283081078,2651.5184717676784,2292.8150533227413,1925.142657659428,1630.9080379314346,1275.4289945512112,1117.9684333032678,796.3677158831523,698.6506628027535,499.3475392832913,519.9178210796387,373.0251156614338,322.0666166571077,257.60722293692385,581.9168676483555,191.2034226896594,390.71344495869613,123.46078931808971,267.2526556406064,104.19389960478182,163.05875603582453,0.0,0.0,1347.6828529692814,1125.921815713783,907.684790401051,819.5844918318975,694.9854981412374,640.1115978895931,431.18803271131463,390.41018023073497,287.20697333544075,290.4792701394378,203.8892624028984,176.95574255461426,138.4433263229557,322.4470927631022,104.71349772790829,217.7335950351939,67.96308746763277,149.77050756756114,56.38419108425831,93.3863164833028,0.0,0.0,1303.8356187983975,1166.8932376089585,1017.4578672583772,811.3235460995372,580.4434964099737,477.8568354136747,365.1796831718378,308.24048257201844,212.14056594785052,229.43855094020086,169.13585325853543,145.11087410249343,119.16389661396812,259.46977488525323,86.48992496175106,172.97984992350212,55.497701850456934,117.4821480730452,47.80970852052351,69.67243955252171,0.0,0.0
17,{55FA8942-F446-4854-AF5D-C8EF01E54E4B},GNB,Guinea-Bissau,Cacheu/Calequisse,Cacheu/Calequisse,,,,,-16.135718121230575,12.178937394076558,-16.135718121230575,12.178937394076558,0,Not applicable,L,940.8135915276644,24.16366370912672,916.6497644422232,19151,19856,20625,21580,22374,20.892385230310172,21.661490320768557,22.500414880431684,23.54225227247107,24.40845006229229,18713.10092287309,9698.795667670203,9014.305255202886,2999.7047615597053,2640.59036906875,2236.4502104896656,2006.299568567823,1689.4890284776548,1479.9118993517548,1039.9389519930726,954.9855496006163,730.6164244339888,677.2434754412617,532.0546923040703,422.9077579814644,381.589462074356,921.318771528905,282.3076168420998,639.0111546868053,216.69696780483974,422.3141868819654,164.04392854997982,258.27025833198564,0.0,0.0,1472.5836121107222,1266.6124347681668,1033.0647852887068,951.4384277634683,888.4637932108274,804.9321521561299,567.4736575372542,531.1729923970375,417.6582052734871,391.48562626355186,319.68652062710134,247.28574650766362,232.24403443298823,574.6936793330982,168.0660629143732,406.62761641872515,134.17207170610462,272.4555447126205,103.58725715426462,168.86828755835592,0.0,0.0,1527.1211494489826,1373.9779343005832,1203.385425200959,1054.8611408043548,801.0252352668274,674.9797471956249,472.4652944558184,423.8125572035789,312.9582191605018,285.75784917770983,212.36817167696896,175.62201147380074,149.34542764136773,346.62509219580664,114.24155392772663,232.3835382680801,82.52489609873516,149.8586421693449,60.456671395715176,89.40197077362976,0.0,0.0
18,{D07EBF0F-E222-43EE-8A9E-6FE424011D84},GNB,Guinea-Bissau,Gabu,Boe,,,,,-14.000672965559609,11.843647305704478,-14.000672965559609,11.843647305704478,0,Not applicable,L,2520.0612242576826,17.214691040941467,2502.846533216745,10956,11512,12119,12851,13502,4.377415816190284,4.599562876595706,4.8420867357073805,5.134553728903007,5.3946575712122335,10995.312561941271,5776.632771786574,5218.679790154696,1936.4841019832504,1830.1454061472755,1408.6381250534089,1242.415107076672,981.543447298609,862.3314080504897,580.3615272900968,523.1785951679997,381.1707863606614,331.1897354344146,234.04734617045966,187.4086234452927,150.6113464124756,345.7870060501658,111.59140073957329,234.1956053105925,86.80229306049183,147.39331225010068,59.12674617647164,88.26656607362905,0.0,0.0,971.7312366858298,928.3455052938699,720.2577143535651,655.6429898654137,552.3904064772531,496.289108526392,330.49558403736864,289.51107551490105,211.03474628013612,174.30695102631358,122.02578036782631,81.75072405679957,74.98364142459452,167.86730787631203,51.899157929249924,115.96814994706213,41.25737475763717,74.71077518942495,27.88692923432882,46.82384595509614,0.0,0.0,964.7528652974204,901.7999008534053,688.3804106998438,586.7721172112582,429.15304082135583,366.0422995240976,249.86594325272813,233.66751965309845,170.13604008052525,156.88278440810103,112.0215658026333,105.65789938849309,75.62770498788106,177.91969817385376,59.69224281032338,118.22745536353037,45.54491830285467,72.68253706067571,31.23981694214281,41.44272011853289,0.0,0.0
19,{3BD01795-59A1-4A65-979F-F7E75AC4AC93},GNB,Guinea-Bissau,Bolama/Bijagos,Bubaque,,,,,-15.96425205558254,11.155692518594144,-15.96425205558254,11.155692518594144,0,Not applicable,L,754.6063946169621,0.0,754.6063946169621,11203,11819,12492,13300,14030,14.84615036384185,15.662469976813965,16.554325657869533,17.625082552806987,18.59247430194601,11333.926894134913,5897.607443128039,5436.319451006873,1707.0088976369034,1521.1212542167796,1484.0474167920454,1311.9538206211514,1032.2366106669465,848.6515914729442,647.6467968599948,627.9347648929187,468.05163230246234,438.4021983495162,302.8547709307286,228.6399137437965,234.24175937879372,481.1354662699308,169.7725471924233,311.3629190775075,130.97193414840086,180.39098492910662,82.30110145597257,98.0898834731341,0.0,0.0,859.6019273789557,740.7057070354585,723.3149165971557,642.0395898548848,565.0232321995447,480.1987645514975,364.1418569326212,350.3002074000946,248.0849493137448,237.08261250583908,166.45470848089604,129.1887289702477,132.0280416948685,259.44220021222816,97.60137490884097,161.8408253033872,67.43367720974466,94.40714809364252,42.589690869312406,51.8174572243301,0.0,0.0,847.4069702579477,780.4155471813208,760.7325001948892,669.9142307662668,467.2133784674015,368.4528269214467,283.50493992737364,277.6345574928239,219.96668298871742,201.31958584367703,136.40006244983266,99.45118477354885,102.21371768392522,221.6932660577027,72.17117228358235,149.52209377412038,63.53825693865622,85.98383683546413,39.71141058666014,46.27242624880399,0.0,0.0
20,{B37B5FE3-86FF-4303-853B-8D1D63EEB433},GNB,Guinea-Bissau,Oio,Farim,,,,,-15.150051067999485,12.538370377474664,-15.150051067999485,12.538370377474664,0,Not applicable,L,1587.025340590722,4.76297800967101,1582.2623625810502,46426,50044,54044,58790,63369,29.341530897738124,31.628130190979338,34.15615594359538,37.15565849907432,40.049615979381535,49034.27778801204,25523.954932625278,23510.322855386763,8400.64366257077,7496.370113144347,5965.333117602366,5574.7889364766515,4461.1749721579,4068.3526586688185,2636.615857929664,2393.0811641642968,1638.7565532567069,1636.4743404008245,1101.938780372047,992.3919993191837,848.8248901284302,1819.5307418200366,633.1384746227808,1186.3922671972555,400.79050197786245,785.601765219393,317.02507278490015,468.57669243449277,0.0,0.0,4210.972151093727,3634.7050283626204,2835.462468440109,2801.9134517900206,2418.4961186461555,2354.365005185783,1499.6638667192497,1387.1491374097702,923.853193194266,921.3427225605859,617.5757758852976,500.95300372070506,452.5693878715983,964.9336217453945,334.34904348557313,630.5845782598215,207.45616418319858,423.12841407662285,171.85312610555394,251.2752879710689,0.0,0.0,4189.671511477043,3861.6650847817277,3129.870649162256,2772.8754846866323,2042.6788535117441,1713.9876534830353,1136.9519912104142,1005.9320267545262,714.9033600624408,715.1316178402385,484.3630044867495,491.43899559847847,396.2555022568317,854.5971200746417,298.78943113720777,555.8076889374339,193.3343377946639,362.47335114277007,145.17194667934618,217.30140446342384,0.0,0.0
21,{477C1804-919B-4808-B6F5-3724EADCB8C9},GNB,Guinea-Bissau,Bolama/Bijagos,Uno,,,,,-16.214764784173287,11.258157132505037,-16.214764784173287,11.258157132505037,0,Not applicable,L,98.7594829261605,0.0,98.7594829261605,6750,7122,7527,8014,8454,68.3478669592344,72.1145938494322,76.21546586698626,81.14663789797103,85.60190626272113,6829.287795635915,3583.074710730619,3246.213084905296,1028.264529002718,916.0265869186826,893.7074379274934,790.0981348539623,622.2674229324266,511.7592398720983,390.5238927781145,378.6090307764152,282.07297122336263,264.2537103905614,182.57824974895962,137.87396529124732,141.24858499668474,290.0040389231887,102.393325187487,187.61071373570167,78.91001553260014,108.70069820310158,49.58829352194582,59.11240468115578,0.0,0.0,522.248718143441,450.01365597248616,439.4479304609137,390.06933572315637,343.27826560047816,291.7434003501551,221.23335458925288,212.8238995902462,150.7233088283506,144.03887023939663,101.12908703933685,78.48824665739576,80.21326306744842,157.62337446856125,59.29743909555999,98.32593537300129,40.96913973875053,57.356795634250744,25.87524615078981,31.48154948346093,0.0,0.0,506.01581085927694,466.01293094619626,454.25950746658,400.02879913080574,278.9891573319485,220.01583952194318,169.2905381888616,165.78513118616897,131.349662395012,120.21484015116482,81.44916270962281,59.38571863385157,61.035321929236346,132.38066445462746,43.09588609192701,89.28477836270046,37.940875793849614,51.343902568850844,23.713047371156005,27.630855197694824,0.0,0.0
22,{516D0EE4-6949-410D-95DC-DF4316A61DA1},GNB,Guinea-Bissau,Oio,Mansaba,,,,,-15.166236739717686,12.319738959351985,-15.166236739717686,12.319738959351985,0,Not applicable,L,1226.602994717106,1.0361391051068625,1225.5667717363315,40605,45935,52060,59435,67234,33.13160974695205,37.480617995967066,42.47830571176761,48.495929696098884,54.85951606271578,47234.92650734165,24210.387449502028,23024.539057839625,8097.360352127889,7229.521331336416,5754.73739544019,5373.2962235947525,4294.50223125646,3911.771974498726,2535.9446448012422,2300.907630596113,1576.4395320693654,1574.2818019431031,1060.1476094583134,956.4565067421158,817.346153034483,1752.2131204424873,609.7577416385675,1142.4553788039198,386.11917111320463,756.3362076907151,305.18117938587295,451.1550283048423,0.0,0.0,3994.2582403923743,3447.6481890677446,2689.5379317454262,2657.715485193061,2294.030381737466,2233.1997185999526,1422.4850088135215,1315.7607492875645,876.3079159453866,873.9266444346655,585.7927916374052,475.17190600299483,429.27830961455084,915.2741770299147,317.142069382409,598.1321076475057,196.77961847686672,401.3524891706391,163.0088588702757,238.3436303003633,0.0,0.0,4103.102111735516,3781.8731422686715,3065.199463694764,2715.580738401691,2000.4718495189936,1678.5722558987734,1113.4596359877198,985.146881308549,700.1316161239791,700.3551575084375,474.3548178209079,481.28460073912095,388.06784341993216,836.9389434125728,292.61567225615863,544.3232711564142,189.33955263633788,354.9837185200762,142.17232051559728,212.81139800447895,0.0,0.0
23,{14A05946-1340-4ED6-9B5D-F5A81BBF2655},GNB,Guinea-Bissau,Tombali,Catio,,,,,-15.250638715069165,11.339752094276472,-15.250638715069165,11.339752094276472,0,Not applicable,L,660.3161881887091,26.013931997468713,634.3022561912402,27485,28709,30042,31668,33077,43.33107715088018,45.26075655538,47.36227832514982,49.925724985049065,52.14706344986953,27257.756861416317,14231.095252362102,13026.661609054212,4369.991961391555,4153.888434493255,3365.739829591205,2919.5652306192187,2443.51638235854,2283.8058048323887,1516.863197677695,1412.5988635174301,973.6954588499823,987.4161840546058,699.6164068554398,565.5406106169488,500.89281864022973,1064.6256779178177,363.57554673113657,701.0501311866808,238.4509572800648,462.599173906616,177.81421103578543,284.7849628708305,0.0,0.0,2198.9800714961634,2034.5251417609545,1643.0377630714393,1509.1158258054506,1384.8677079356512,1295.9894922331664,828.018478942534,774.8124722634958,549.2915575898446,542.9431136110958,379.39510444427884,276.3084665036422,263.3092716900136,550.5007850143681,185.31410280824142,365.1866822061267,123.64350415753796,241.54317804858883,93.11051168831708,148.4326663602717,0.0,0.0,2171.0118898953915,2119.3632927323006,1722.7020665197658,1410.4494048137674,1058.6486744228887,987.8163125992218,688.844718735161,637.7863912539342,424.40390126013773,444.47307044351,320.2213024111609,289.2321441133066,237.58354695021615,514.1248929034491,178.2614439228951,335.863448980554,114.8074531225268,221.0559958580272,84.70369934746836,136.35229651055886,0.0,0.0
24,{B0BEF835-001A-4671-B8AE-BD189B70D1CF},GNB,Guinea-Bissau,Cacheu/Calequisse,Caio,,,,,-16.15541897052253,11.899080353634758,-16.170785701999932,11.962514851000035,0,Not applicable,L,515.6652813455663,2.7482323870500203,512.9170489585164,13921,13953,14011,14172,14204,27.14084085968041,27.203229115373954,27.316307828818488,27.630198740276622,27.69258699597016,12712.308434355933,6766.680875817374,5945.627558538557,2034.6497885611348,1789.9375563755548,1514.4765484079157,1359.5640721437035,1148.2034651559634,1006.7882006477271,707.5436873371127,650.1271234403031,497.81287165822783,461.61198312157165,363.1128608568051,288.36318268448343,260.5374142235598,629.5796797418705,192.60785650163552,436.9718232402349,148.04103394987789,288.93078929035704,112.1468499934185,176.7839392969385,0.0,0.0,1027.395947656387,883.6934432991372,720.7513144539398,663.8020259696154,619.8657198662304,561.5871482354662,395.9164908265234,370.5901487732981,291.3928581538205,273.1327054579868,223.03971951845847,172.52695995373858,162.03261932394912,400.9537743288223,117.2567659701808,283.6970083586415,93.6095184177219,190.0874899409196,72.27102580381668,117.81646413710293,0.0,0.0,1007.253840904747,906.2441130764176,793.7252339539758,695.7620461740883,528.3377452897329,445.2010524122608,311.62719651058944,279.536974667005,206.4200135044074,188.47927766358487,140.07314133834666,115.83622273074484,98.50479489961063,228.62590541304814,75.35109053145472,153.27481488159344,54.431515532155984,98.84329934943744,39.87582418960182,58.967475159835644,0.0,0.0
25,{41F2A638-8550-4C4C-9D40-1CBCDA287A70},GNB,Guinea-Bissau,Gabu,Pitche,,,,,-13.879196412739477,12.41176815712923,-13.879196412739477,12.41176815712923,0,Not applicable,L,1959.223920915072,0.25247432954944576,1958.9714465855225,40780,45771,51468,58299,65432,20.817046655314623,23.36481222315855,26.272970996952747,29.760004976905037,33.40120148971423,46697.73110572976,23780.057042874803,22917.674062854967,8236.906814739043,7781.849299333698,5988.0109392064205,5275.8085535283335,4158.580099911028,3650.4848757137847,2457.795151352249,2217.9436462534286,1615.8918228697062,1406.4970975812869,994.2700154937218,800.5280757350232,640.7940496773292,1472.3706643347089,475.78448353639664,996.5861807983124,369.84902652660963,626.7371542717027,251.98789971224056,374.74925455946203,0.0,0.0,4000.223859060649,3821.622378214124,2965.0092380030574,2699.0165923146483,2273.967533494995,2043.0212161236398,1360.516437744091,1191.7998187305818,868.7445615515852,717.5511066966028,502.33070587777206,336.5346142240173,308.67727633097445,691.0417045080621,213.64780916357842,477.3938953444837,169.83989876726102,307.5539965772227,114.79919083342644,192.75480574379623,0.0,0.0,4236.682955678395,3960.2269211195726,3023.001701203364,2576.7919612136857,1884.6125664160327,1607.4636595901457,1097.2787136081583,1026.143827522847,747.1472613181209,688.9459908846844,491.9393096159497,463.9934615110061,332.11677334635465,781.3289598266467,262.13667437281816,519.1922854538286,200.00912775934853,319.18315769448003,137.18870887881414,181.9944488156659,0.0,0.0
26,{8C142282-1223-4367-8B6A-E9F6F8C32DEB},GNB,Guinea-Bissau,Biombo,Quinhamel,,,,,-15.835137935184465,11.876075708020013,-15.835137935184465,11.876075708020013,0,Not applicable,L,427.1182417757313,31.06881931869812,396.0485183424432,42434,44897,47590,50814,53760,107.14343832820366,113.36237334734787,120.1620452947922,128.30246206365982,135.74094463223426,43178.59264379932,23385.40998247356,19793.182661325758,6954.529442471512,6134.43845840078,5590.409088278188,5027.925647109249,4064.541419578312,3577.731581183108,2373.425899277925,2267.840594697526,1545.6784884137244,1488.2136563821887,1037.8052978141136,771.6804970341188,739.0816611804698,1605.290911978111,532.2157059206306,1073.0752060574803,419.70682928684914,653.3683767706311,271.53955533532763,381.82882143530367,0.0,0.0,3599.107674215997,3120.1769104391356,2780.934286097193,2707.7643082979503,2255.4408091753585,2045.9086000229813,1322.7611570979984,1302.8057086072956,825.3003340083417,856.1837661963337,630.4971463610071,460.8758341900352,461.3509639160045,1016.3024838479233,348.2700891353566,668.0323947125668,267.022905994639,401.0094887179277,169.1461824450027,231.863306272925,0.0,0.0,3355.421768255514,3014.2615479616443,2809.474802180994,2320.1613388113005,1809.100610402953,1531.8229811601261,1050.6647421799269,965.0348860902302,720.378154405383,632.029890185855,407.30815145310663,310.8046628440836,277.7306972644653,588.9884281301876,183.945616785274,405.0428113449135,152.68392329221012,252.3588880527034,102.39337289032488,149.96551516237855,0.0,0.0
27,{C64CCA36-94F6-4CC3-9CEE-A703664289E9},GNB,Guinea-Bissau,Cacheu/Calequisse,Bigene,,,,,-15.791388095331587,12.370437704744038,-15.791388095331587,12.370437704744038,0,Not applicable,L,963.8698420310443,37.66251659309278,926.2072193254207,48714,52953,57665,63258,68758,52.59514176047946,57.17187136434431,62.259285823747746,68.29789131429177,74.23608730892653,52320.086426451766,27195.006410450296,25125.08001600148,8385.52244559599,7381.140404774969,6250.79965804321,5607.949243434556,4723.868137029516,4138.329308810522,2908.048432717445,2670.655813505465,2043.3869933477029,1894.186102551867,1488.3094605229894,1182.880237524104,1067.46463806601,2577.5455505274263,789.669255634213,1787.8762948932128,606.2298546281743,1181.6464402650386,458.96179275853495,722.6846475065038,0.0,0.0,4129.061188985232,3551.526855844227,2896.669279463797,2667.7924794751025,2491.214309459255,2256.9951763012914,1591.1717581523615,1489.3862525062837,1171.0956657898191,1097.7088785698568,896.3872707173932,693.3786102851603,651.2022957909294,1611.4163891095925,471.2500206155429,1140.1663684940495,376.2127252885421,763.9536432055073,290.45421915027197,473.49942405523535,0.0,0.0,4256.461256610758,3829.6135489307426,3354.130378579413,2940.1567639594537,2232.6538275702615,1881.334132509231,1316.8766745650835,1181.269560999181,872.2913275578841,796.4772239820102,591.922189805596,489.5016272389437,416.2623422750808,966.1291614178335,318.41923501867,647.7099263991636,230.01712933963228,417.6927970595312,168.5075736082629,249.18522345126829,0.0,0.0
28,{3F10A56E-A174-48B3-8E7A-98687CFC7ED8},GNB,Guinea-Bissau,Bolama/Bijagos,Bolama,,,,,-15.576076556533152,11.536818759694604,-15.576076556533152,11.536818759694604,0,Not applicable,L,143.34216546560612,0.0,143.34216546560612,10534,10919,11339,11861,12294,73.48849492948085,76.17437593839011,79.10442794810929,82.74606401733172,85.76680811306603,10287.991661184802,5193.389480543219,5094.602180641582,1551.099588516963,1383.6199939236358,1349.8599865028295,1193.179938861169,935.4004630972383,768.1520236949706,586.3449540125641,568.6547190975161,424.6017435183546,397.4381929952426,274.40498442781023,206.9625009545363,212.05166378951827,436.22090779245497,153.58167073603855,282.6392370564165,118.92595353841608,163.71328351800042,74.71938936439139,88.99389415360903,0.0,0.0,756.9590974228609,652.2599654506649,636.9457640577169,565.3753126498577,497.5552779096592,422.8594792787493,320.66062508499385,308.4717709150965,218.46177089123853,208.7731944997816,146.57878476107422,113.76263891904269,116.26291669748319,228.46288200500052,85.94704863389214,142.51583337110839,59.38159723796185,83.13423613314656,37.504166676607475,45.6300694565391,0.0,0.0,794.1404910941019,731.3600284729706,712.9142224451125,627.8046262113113,437.8451851875793,345.2925444162212,265.6843289275703,260.18294818241964,206.1399726271161,188.66499849546105,127.82619966673604,93.19986203549361,95.78874709203511,207.75802578745444,67.6346221021464,140.1234036853081,59.544356300454254,80.57904738485384,37.21522268778391,43.36382469706994,0.0,0.0
29,{946BB602-EFAF-452E-9570-F6A55503B0D7},GNB,Guinea-Bissau,Biombo,Prabis,,,,,-15.750150713684018,11.814321864298368,-15.750150713684018,11.814321864298368,0,Not applicable,L,163.8865796430243,8.294535876516013,155.5920303051171,23836,30138,38178,48716,61595,153.19550720726141,193.69886710070662,245.3724649336644,313.1008696555188,395.87503215435754,34639.08116604995,18035.94357589113,16603.137590158814,5590.435704088302,4934.885645979892,4501.464058043437,4034.58052047128,3257.033420336155,2862.8430822991195,1901.5067781178384,1814.2871963084585,1240.7865958023735,1190.496098261105,827.9322247255493,616.1620489886512,588.7850200885532,1277.8827725392375,422.90181177397676,854.9809607652609,334.0168275645914,520.9641332006695,216.3443512616321,304.6197819390373,0.0,0.0,2775.803502455868,2406.4292542082753,2144.7891616995635,2088.356984883959,1739.503528205677,1577.9022945973554,1020.176495160018,1004.7859014830349,636.5109813552266,660.3297572838908,486.2694716513447,355.449425396989,355.81586810358385,783.82094940635,268.6025039340133,515.2184454723366,205.9408011062967,309.2776443660399,130.4536035477609,178.824040818279,0.0,0.0,2814.632201632435,2528.4563917716164,2356.6748963438736,1946.223535587321,1517.5298921304773,1284.9407877017638,881.3302829578205,809.5012948254234,604.2756144471472,530.1663409772141,341.6627530742045,260.71262359166224,232.96915198496933,494.06182313288764,154.29930783996338,339.7625152929242,128.0760264582947,211.68648883462959,85.89074771387124,125.79574112075831,0.0,0.0
30,{9BF8171A-686F-4A78-96CA-45D6EF483B0C},GNB,Guinea-Bissau,Quinara,Empada,,,,,-15.284156218080193,11.497455129798155,-15.284156218080193,11.497455129798155,0,Not applicable,L,656.6918046490273,8.142385467045068,648.5494191819822,16550,18019,19654,21595,23510,25.518487119878355,27.783541958494745,30.304552619582427,33.29738545944248,36.25012883313233,17832.12932507804,8995.97687079492,8836.15245428312,3166.707328705099,2741.3205638845,2304.604825266529,1948.5072029124578,1519.6755437766958,1329.6989519423264,949.0837653291728,831.7014465077118,593.8192168319498,618.9349047043893,444.4121194707405,383.6312987193758,307.0866213821329,692.9455356449588,227.77897929128272,465.16655635367607,147.05109857548442,318.1154577781917,124.17708109297918,193.9383766852125,0.0,0.0,1558.9221959553338,1302.401752429624,1049.9576837159007,948.0483134162433,803.9193468495848,740.4443676343695,498.77357520946714,451.60409524219705,332.2245471768838,336.0097523594425,235.8473998363505,204.692249487598,160.14329618517627,372.9882952967468,121.12656584187874,251.86172945486805,78.61579994545015,173.24592950941792,65.22199699178087,108.02393251763706,0.0,0.0,1607.7851327497654,1438.9188114548758,1254.6471415506273,1000.4588894962147,715.7561969271112,589.2545843079572,450.3101901197058,380.0973512655148,261.5946696550659,282.92515234494675,208.56471963439003,178.9390492317778,146.9433251969566,319.957240348212,106.652413449404,213.304826898808,68.43529863003424,144.86952826877373,58.95508410119831,85.91444416757544,0.0,0.0
31,{FAD92D79-4BE9-4903-B1C2-042147DE1180},GNB,Guinea-Bissau,Cacheu/Calequisse,Canchungo,,,,,-16.004447441835286,12.040748716454976,-16.004447441835286,12.040748716454976,0,Not applicable,L,643.7831454139192,0.2582029874810765,643.5249424264381,44575,46514,48626,51207,53433,69.2669344437965,72.28002666783512,75.56195074064046,79.57267329362844,83.0317466771818,44119.16359550198,24045.54474300597,20073.618852496,7051.562309927438,6199.8835055599475,5240.979106077406,4707.865427648304,3986.4791535553472,3498.6990289972136,2459.012964049971,2260.67230876672,1732.3856735403085,1606.9263462110584,1265.4911278868335,1004.1643116730008,908.3581078596593,2196.684223748758,671.074656456512,1525.609567292246,516.4150204107058,1009.1945468815404,391.44532872106316,617.7492181604772,0.0,0.0,3650.873401824281,3140.223489168709,2561.205160748637,2358.834650085719,2202.7060497216976,1995.6119030605043,1406.8976902229222,1316.899993834744,1035.4707333059675,970.5828914349333,792.5763980262723,613.0782300918405,575.7863669475679,1424.7977845321725,416.67441753200507,1008.1233670001677,332.64341924691104,675.4799477532565,256.8166308535569,418.6633168996997,0.0,0.0,3400.688908103157,3059.6600163912394,2679.773945328768,2349.030777562585,1783.7731038336497,1503.0871259367093,1052.115273827049,943.7723149319758,696.914940234341,636.343454776125,472.91472986056135,391.0860815811602,332.57174091209123,771.8864392165857,254.4002389245069,517.4862002920788,183.77160116379483,333.714599128284,134.6286978675063,199.0859012607777,0.0,0.0
32,{3D235C7F-75F4-4CCF-B61E-4146D6909D41},GNB,Guinea-Bissau,Bafata,Bafata,,,,,-14.591419508472676,12.248948992088609,-14.591419508472676,12.248948992088609,0,Not applicable,L,610.1372996366315,0.0,610.1372996366315,62982,69873,77659,86946,96454,103.22594609034564,114.52012529247598,127.28118744133488,142.50235160476316,158.08572932263505,70460.83055364518,36300.26401499863,34160.566538646555,12605.883963153094,11175.87367230636,8873.520803424053,8257.171478854172,6202.733022466529,5678.644907205225,3611.154519936673,3430.984735895124,2291.3174044620637,2220.214525653627,1539.6510698214593,1270.3810842007995,1006.056308163524,2297.243058102479,783.636014577978,1513.6070435245008,541.4644572457908,972.14258627871,408.6296545921823,563.5129316865277,0.0,0.0,6186.500610429986,5541.050331274218,4418.17731846029,4221.034352761625,3373.530073174483,3163.758732448857,2013.5242404098508,1897.0625596056573,1263.188290891267,1160.4073496996145,801.20023782162,595.6383554383148,488.6479559043418,1176.5436066785082,376.04494524727517,800.498661431233,275.3687332267826,525.1299282044505,212.5776462871724,312.55228191727815,0.0,0.0,6419.383352723106,5634.823341032144,4455.343484963762,4036.137126092547,2829.2029492920465,2514.886174756366,1597.6302795268225,1533.922176289467,1028.1291135707972,1059.8071759540126,738.4508319998398,674.7427287624847,517.4083522591823,1120.6994514239702,407.5910693307029,713.1083820932678,266.0957240190081,447.01265807425966,196.05200830500996,250.9606497692496,0.0,0.0
33,{6F320DFF-2504-4DED-AE01-B128341FBD3D},GNB,Guinea-Bissau,Bafata,Contuboel,,,,,-14.625539867744624,12.55596575092357,-14.625539867744624,12.55596575092357,0,Not applicable,L,1336.0753544580748,0.0,1336.0753544580748,42234,45607,49340,53771,58063,31.61049252130732,34.1350507273586,36.929054813688104,40.24548452344594,43.45787818498525,44767.072821775364,22883.568190498867,21883.504631276497,8012.252981331611,7102.768441250889,5639.3296721827555,5246.504780062823,3939.0701281025426,3605.4773716656982,2292.772570632384,2178.543637248983,1454.9366890407584,1410.4371131258,978.130934523918,807.7335243002292,639.4975916981822,1459.6173866087865,498.16327924677694,961.4541073620096,344.05438719208325,617.3997201699266,259.6005824315295,357.7991377383969,0.0,0.0,3899.9498328949767,3493.060079406274,2785.204589777287,2660.926306374759,2126.6623691852456,1994.4231993014168,1269.3191222962785,1195.9020580798385,796.3097838656619,731.5170133372976,505.0740200914111,375.48847903468317,308.04207967921883,741.6892571745152,237.05750855428758,504.63174862022765,173.59155243947362,331.04019618075415,134.00825576856178,197.0319404121923,0.0,0.0,4112.303148436635,3609.708361844615,2854.125082405468,2585.5784736880632,1812.4077589172973,1611.0541723642807,1023.4534483361052,982.6415791691444,658.6269051750966,678.9200997885024,473.0569144325068,432.245045265546,331.45551201896325,717.9281294342717,261.10577069248944,456.82235874178207,170.4628347526097,286.3595239891724,125.59232666296772,160.76719732620464,0.0,0.0
34,{94895879-7E0F-42D3-B3CE-E4B98843AD7C},GNB,Guinea-Bissau,Gabu,Sonaco,,,,,-14.400260810629378,12.419297867679624,-14.400260810629378,12.419297867679624,0,Not applicable,L,800.2581671955546,0.0,800.2581671955546,38106,40022,42112,44635,46878,47.617133522722604,50.01136088401838,52.62301807875124,55.77575066358904,58.57859616013727,38208.238012206006,20141.0900197662,18067.147992439808,6728.074542917623,6358.859621822822,4894.469076909747,4317.410780369044,3411.7256639093853,2997.6298014337567,2017.3617054124575,1818.3839294964807,1324.8175876480107,1150.8776918604774,813.2813940982236,650.8253063433124,523.2658803834333,1201.2550296012355,387.60958257326064,813.6454470279747,301.5271710888353,512.1182759391395,205.38464630850558,306.733629630634,0.0,0.0,3388.0856004379457,3236.814789905082,2511.285732594631,2285.9968776626683,1925.9913763693635,1730.3858502966793,1152.3220485371335,1009.4234589645796,735.8040557617396,607.747130618825,425.4610469829971,285.0360681487163,261.4416272605716,585.2943562252681,180.9541393921423,404.3402168331256,143.84997831804375,260.49023851508184,97.23192978904808,163.25830872603382,0.0,0.0,3339.988942479677,3122.0448319177403,2383.1833443151168,2031.4139027063761,1485.7342875400225,1267.2439511370778,865.0396568753242,808.9604705319017,589.0135318862709,543.1305612416527,387.82034711522635,365.7892381945961,261.82425312286176,615.9606733759675,206.65544318111827,409.30523019484934,157.67719277079158,251.62803742405768,108.15271651945751,143.47532090460018,0.0,0.0
35,{ACCDBEFA-37AA-4AF4-AF1E-5E00F483C853},GNB,Guinea-Bissau,Bafata,Gamamudo/Ganadu,,,,,-14.816223979613126,12.30997936800112,-14.816223979613126,12.30997936800112,0,Not applicable,L,1020.5999021153984,5.575978903307048,1015.0239232120916,23914,25607,27469,29683,31781,23.56003583080388,25.227976813556694,27.06241633504857,29.243645712375656,31.31059206902977,24922.712759398306,12830.671940862683,12092.040818535621,4458.988625366217,3953.132237518898,3138.73388568648,2920.662601307848,2193.877748120327,2008.471302321104,1277.2229198357832,1213.507259238741,810.4194955601762,785.3038914189449,544.5861149501607,449.37714466661185,355.86768924845893,812.5618441585551,277.1943419973394,535.3675021612156,191.52334215987148,343.8441600013443,144.53540252653374,199.30875747481053,0.0,0.0,2186.6772032725917,1958.5366921577372,1561.6465964628196,1491.9645490462176,1192.4061387997567,1118.2604726874292,711.6992031517735,670.534719624528,446.4858589807554,410.15696237387914,283.19180836213417,210.53401514838177,172.71724564293038,415.8604751517505,132.9166456060455,282.943829545705,97.3316854484568,185.61214409724815,75.13758137804436,110.47456271920382,0.0,0.0,2272.311422093625,1994.595545361161,1577.0872892236605,1428.69805226163,1001.4716093205703,890.2108296336745,565.5237166840096,542.9725396142131,363.933636579421,375.1469290450657,261.39430658802644,238.84312951823009,183.15044360552852,396.70136900680467,144.27769639129392,252.42367261551084,94.19165671141468,158.2320159040961,69.39782114848938,88.83419475560673,0.0,0.0
36,{F8571893-7F32-4E2D-8CDE-FEB7AE521A0E},GNB,Guinea-Bissau,Quinara,Fulacunda,,,,,-15.130416589683628,11.78822104744518,-15.130416589683628,11.78822104744518,0,Not applicable,L,808.6493897516021,51.746564902314994,756.9028248492874,9719,11135,12780,14776,16927,12.840485833746524,14.711267595304818,16.88459810219987,19.521660528803228,22.363504857272087,11595.381995779586,5925.728697089309,5669.653298690275,2058.49939326579,1781.1752786375573,1496.6515772862967,1266.4249301144534,988.8084953730784,865.8281264512013,617.4847950294261,541.3622856419998,386.6895441597069,402.86944184768,289.1787899241222,249.64752262912828,199.77291233935463,450.9889030797913,148.21987854467986,302.7690245351115,95.695929747997,207.07309478711448,80.79040345111287,126.28269133600165,0.0,0.0,1026.8756940774263,857.9034328741742,691.6163154357864,624.4877213141765,529.5487096278996,487.73718528929703,328.5465192294792,297.47556995033415,218.83921683644826,221.332564618108,155.35474639572575,134.83257619283356,105.48779076252985,245.69065448509213,79.78712901311346,165.9035254719787,51.78491546524191,114.11861000673679,42.96230023783033,71.15630976890648,0.0,0.0,1031.6236991883634,923.2718457633832,805.0352618505102,641.9372088002771,459.25978574517893,378.09094116190437,288.93827579994695,243.88671569166576,167.85032732325868,181.53687722957199,133.8240435283965,114.81494643629473,94.28512157682479,205.29824859469917,68.43274953156639,136.8654990631328,43.9110142827551,92.95448478037771,37.82810321328254,55.126381567095144,0.0,0.0
37,{4905B02E-4089-4D22-929E-C71FDEF22240},GNB,Guinea-Bissau,Quinara,Buba,,,,,-14.984096045699422,11.613044212740338,-14.984096045699422,11.613044212740338,0,Not applicable,L,809.6301949358261,15.040998348010307,794.5891852665491,14491,16772,19448,22717,26292,18.237096941029872,21.107762742043548,24.475540770764535,28.589616397030955,33.08879668577444,17645.59345557406,8851.136026976908,8794.457428597152,3134.021075497621,2713.5612770489065,2281.7795656207018,1928.5221822050414,1503.3545119175535,1314.9968282187665,938.9283271564057,822.6367787247178,587.2358112034335,612.1899030669944,439.63067774634055,379.4912685912461,303.8148349776303,685.4304135987022,225.3255067501216,460.1049068485807,145.46241045561794,314.6424963929628,122.84877571458016,191.79372067838256,0.0,0.0,1533.822575363619,1281.432271124667,1033.0527095183434,932.7841437026417,790.9757434775778,728.5227510552266,490.7430092637055,444.3329873718665,326.8755245591874,330.59978557519923,232.05010945919528,201.39657648125217,157.56488913895976,366.98295088546814,119.17635251237681,247.80659837309128,77.35003648639842,170.45656188669284,64.17188212204907,106.28467976464377,0.0,0.0,1600.1985001340022,1432.1290059242394,1248.7268561023586,995.7380385024001,712.3787684399757,586.4740771635397,448.18531789269997,378.3037913528514,260.3602866442461,281.5901174917951,207.58056828714527,178.09469210999399,146.24994583867053,318.44746271323424,106.14915423774474,212.29830847548948,68.11237396921953,144.18593450626994,58.676893592531115,85.50904091373881,0.0,0.0
38,{05CEF66D-522E-4AE5-B7F6-210C3C7899D5},GNB,Guinea-Bissau,Bafata,Xitole,,,,,-14.692210429021756,11.766000396543626,-14.692210429021756,11.766000396543626,0,Not applicable,L,1231.5334992174392,12.21606791922748,1219.317431298213,14417,16628,19213,22363,25792,11.823828340295401,13.637137937326205,15.757176520919435,18.34058910827676,21.152818239085732,17432.38000329423,8971.57931171428,8460.80069157995,3118.924604424637,2765.0843252959703,2195.436699704479,2042.8850379623434,1534.4947449942845,1404.8007718566964,893.3377318180555,848.7752685766217,566.8402668618991,549.2839853376847,380.91354639670476,314.3300442772495,248.91928712944485,568.353688658158,193.89028865926412,374.46339999889386,133.96304781799228,240.50035218090164,101.09603800772123,139.4043141731804,0.0,0.0,1528.9883529637336,1369.4658666032622,1091.9487585381164,1043.2250425954069,833.7650822438319,781.920274176679,497.6407998419046,468.8573946942543,312.1959094478569,286.79368743502096,198.01595589528048,147.21151186960873,120.76892581529148,290.78174959403265,92.9391877056658,197.8425618883669,68.05714771357057,129.78541417479636,52.53838409480735,77.24703007998902,0.0,0.0,1589.936251460904,1395.6184586927081,1103.4879411663628,999.6599953669363,700.7296627504521,622.8804976800175,395.69693197615095,379.9178738823675,254.64435741404213,262.49029790266377,182.8975905014243,167.11853240764074,128.15036131415334,277.57193906412533,100.95110095359834,176.620838110527,65.90590010442172,110.71493800610529,48.55765391291389,62.157284093191386,0.0,0.0
